count,mean,median,std,min,p25,p75,p90,p95,p99,max
20580,18974.388824101068,8072.5,36295.806547101856,149,2605.0,23344.0,43791.100000000006,63844.299999999996,150437.11999999898,1274369
