count,mean,median,std,min,p25,p75,p90,p95,p99,max
20580,18974.388824101068,6438.5,38784.46547516677,115,2189.75,20312.75,47853.100000000006,75307.14999999997,162507.00999999983,879824
