dataset,count,mean,median,std,min,p25,p75,p90,p95,p99,max
coding,14610,13837.466666666667,6799.0,17155.071559602766,267,2330.25,20029.75,34313.5,46500.1,79516.26999999999,186805
math,3000,41145.46666666667,15681.0,78484.28236308348,197,4000.5,46690.0,97698.59999999996,166553.4499999996,349236.7599999999,1274369
science,2970,21848.866666666665,10712.0,28744.786895334655,149,3491.25,29061.75,54206.9,77961.8999999996,141693.10999999993,235135
